----------------------- Inserções de médico ---------------------
INSERT INTO MEDICO (
    CPF, CRM, NOME, DATA, RUA, NUMERO, BAIRRO, CEP, UF
) VALUES (
    '111.222.333-44', '123456', UPPER (TRIM ('Daniel Umeda Kuhn ') ) , TO_DATE ('19/04/2003', 'DD/MM/YYYY') , UPPER (TRIM ('rua alfredo maffei') ) , 123, UPPER (TRIM ('Lutfala') ) , '12345-678', UPPER (TRIM ('SP') )
);

INSERT INTO MEDICO (
    CPF, CRM, NOME, DATA, RUA, NUMERO, BAIRRO, CEP, UF
) VALUES (
    '222.333.444-55', '234567', UPPER (TRIM (' Daniel Dias Filho') ) , TO_DATE ('16/02/2003', 'DD/MM/YYYY') , UPPER (TRIM ('rua adorfo castoni') ) , 336, UPPER (TRIM ('macarenco') ) , '22545-678', UPPER (TRIM ('GO') )
);

----------------------- Inserções de esporte ---------------------
INSERT INTO ESPORTE (
    SIGLA_ESPORTE, NOME, QUANT_TIME_POR_JOGO
) VALUES (
    '111', UPPER (TRIM ('futebol') ) , 2
);

INSERT INTO ESPORTE (
    SIGLA_ESPORTE, NOME, QUANT_TIME_POR_JOGO
) VALUES (
    '112', UPPER (TRIM ('natacao') ) , 2
);

INSERT INTO ESPORTE (
    SIGLA_ESPORTE, NOME, QUANT_TIME_POR_JOGO
) VALUES (
    '222', UPPER (TRIM ('voleibol') ) , 2
);

INSERT INTO ESPORTE (
    SIGLA_ESPORTE, NOME, QUANT_TIME_POR_JOGO
) VALUES (
    '333', UPPER (TRIM ('atletismo') ) , 8
);

INSERT INTO ESPORTE (
    SIGLA_ESPORTE, NOME, QUANT_TIME_POR_JOGO
) VALUES (
    '444', UPPER (TRIM ('handebol') ) , 8
);

----------------------- Inserções de treinador ---------------------
INSERT INTO TREINADOR (
    CPF, CREF, NOME, DATA, RUA, NUMERO, BAIRRO, CEP, UF
) VALUES (
    '445.555.111-77', '449354', UPPER (TRIM ('Philliph Rigolão') ) , TO_DATE ('17/08/1964', 'DD/MM/YYYY') , UPPER (TRIM ('rua ibatexas do norte') ) , 123, UPPER (TRIM ('Lago do sul') ) , '55555-678', UPPER (TRIM (' Am') )
);

INSERT INTO TREINADOR (
    CPF, CREF, NOME, DATA, RUA, NUMERO, BAIRRO, CEP, UF
) VALUES (
    '234.565.211-17', '917382', UPPER (TRIM ('Arthur Leme') ) , TO_DATE ('17/10/1988', 'DD/MM/YYYY') , UPPER (TRIM ('rua juazeiro jo norte') ) , 13, UPPER (TRIM ('PACAEMBI') ) , '84213-121', UPPER (TRIM (' MG') )
);

INSERT INTO TREINADOR (
    CPF, CREF, NOME, DATA, RUA, NUMERO, BAIRRO, CEP, UF
) VALUES (
    '222.635.213-17', '117382', UPPER (TRIM ('RODRIGO FARO Leme') ) , TO_DATE ('17/05/1966', 'DD/MM/YYYY') , UPPER (TRIM ('rua ENTRADA FORA') ) , 444, UPPER (TRIM ('trevo Longe do NORTE') ) , '84213-121', UPPER (TRIM (' PA') )
);

INSERT INTO TREINADOR (
    CPF, CREF, NOME, DATA, RUA, NUMERO, BAIRRO, CEP, UF
) VALUES (
    '121.312.111-32', '132798', UPPER (TRIM ('DONIZETE FATO') ) , TO_DATE ('01/05/1968', 'DD/MM/YYYY') , UPPER (TRIM ('rua AMBIGUO VASCONCELOS') ) , 456, UPPER (TRIM ('ASA DA ENTRADA') ) , '84213-121', UPPER (TRIM (' BA') )
);

INSERT INTO TREINADOR (
    CPF, CREF, NOME, DATA, RUA, NUMERO, BAIRRO, CEP, UF
) VALUES (
    '212.312.112-12', '885266', UPPER (TRIM ('ADONES FREDERICO') ) , TO_DATE ('06/06/1969', 'DD/MM/YYYY') , UPPER (TRIM ('rua NOVE DE MAIO') ) , 222, UPPER (TRIM ('CENTRO') ) , '12458-111', UPPER (TRIM (' SP') )
);

----------------------- Inserções de time ---------------------
INSERT INTO TIME (
    SIGLA_TIME, SIGLA_ESPORTE, NOME, CPF_TREINADOR
) VALUES (
    '999', '111', UPPER (TRIM ('FUTEBOL MASCULINO') ) , '445.555.111-77'
);

INSERT INTO TIME (
    SIGLA_TIME, SIGLA_ESPORTE, NOME, CPF_TREINADOR
) VALUES (
    '997', '111', UPPER (TRIM ('FUTEBOL MASCULINO PCD') ) , '121.312.111-32'
);

INSERT INTO TIME (
    SIGLA_TIME, SIGLA_ESPORTE, NOME, CPF_TREINADOR
) VALUES (
    '988', '112', UPPER (TRIM ('FUTEBOL FEMININO') ) , '222.635.213-17'
);

INSERT INTO TIME (
    SIGLA_TIME, SIGLA_ESPORTE, NOME, CPF_TREINADOR
) VALUES (
    '989', '112', UPPER (TRIM ('FUTEBOL FEMININO PCD') ) , '234.565.211-17'
);

INSERT INTO TIME (
    SIGLA_TIME, SIGLA_ESPORTE, NOME, CPF_TREINADOR
) VALUES (
    '977', '444', UPPER (TRIM ('HANDEBOL MASCULINO') ) , '212.312.112-12'
);

----------------------- Inserções de atleta ---------------------
INSERT INTO ATLETA (
    CPF, NOME, ATL_SIGLA_TIME, ATL_SIGLA_ESPORTE, DATA, RUA, NUMERO, BAIRRO, CEP, UF
) VALUES (
    '454.888.123-09', UPPER (TRIM ('Guilherme Adame Guimarães') ) , '999', '111', TO_DATE ('08/08/1990', 'DD-MM-YYYY') , UPPER (TRIM ('rua algusta ferreira batista') ) , 10, UPPER (TRIM ('aracy 2') ) , '12478-992', UPPER (TRIM ('mg') )
);

INSERT INTO ATLETA (
    CPF, NOME, ATL_SIGLA_TIME, ATL_SIGLA_ESPORTE, DATA, RUA, NUMERO, BAIRRO, CEP, UF
) VALUES (
    '114.118.113-19', UPPER (TRIM ('RODRIGO ALVAREZ GONZALES') ) , '999', '111', TO_DATE ('11/11/1995', 'DD-MM-YYYY') , UPPER (TRIM ('rua LUIZ VELTRONI') ) , 10, UPPER (TRIM ('EMBARE') ) , '11128-333', UPPER (TRIM ('SP') )
);

INSERT INTO ATLETA (
    CPF, NOME, ATL_SIGLA_TIME, ATL_SIGLA_ESPORTE, DATA, RUA, NUMERO, BAIRRO, CEP, UF
) VALUES (
    '222.228.133-09', UPPER (TRIM ('JULIA FERNANDES') ) , '999', '111', TO_DATE ('22/02/1985', 'DD-MM-YYYY') , UPPER (TRIM ('rua coqueiros dos laranjais') ) , 11, UPPER (TRIM ('COQUEIROS') ) , '12478-992', UPPER (TRIM ('PA') )
);

INSERT INTO ATLETA (
    CPF, NOME, ATL_SIGLA_TIME, ATL_SIGLA_ESPORTE, DATA, RUA, NUMERO, BAIRRO, CEP, UF
) VALUES (
    '113.133.333-22', UPPER (TRIM ('mariana gonzales') ) , '989', '112', NULL, NULL, NULL, NULL, NULL, NULL
);

INSERT INTO ATLETA (
    CPF, NOME, ATL_SIGLA_TIME, ATL_SIGLA_ESPORTE, DATA, RUA, NUMERO, BAIRRO, CEP, UF
) VALUES (
    '575.147.963-25', UPPER (TRIM ('Rafaela novaes') ) , '989', '112', TO_DATE ('12/12/1996', 'DD-MM-YYYY') , UPPER (TRIM ('rua ADOLFO CATANI') ) , 11, UPPER (TRIM ('LUTFALA') ) , '12458-938', UPPER (TRIM ('AL') )
);
----------------------- Inserções de Partida ---------------------
INSERT INTO PARTIDA (
    DATA, LOCAL, NOME, SIGLA_ESPORTE
) VALUES (
    TO_DATE ('11/10/2024 14:30:00', 'DD/MM/YYYY HH24:MI:SS') , UPPER (TRIM ('PRAÇA DA LIBERDADE ') ) , UPPER (TRIM ('FUTEBOL MASCULINO BRASIL X ITALIA') ) , UPPER (TRIM ('111') )
);

INSERT INTO PARTIDA (
    DATA, LOCAL, NOME, SIGLA_ESPORTE
) VALUES (
    TO_DATE ('12/10/2024 10:30:00', 'DD/MM/YYYY HH24:MI:SS') , UPPER (TRIM ('PRAÇA DA LIBERDADE ') ) , UPPER (TRIM ('FUTEBOL FEMININO BRASIL X ITALIA') ) , UPPER (TRIM ('111') )
);

INSERT INTO PARTIDA (
    DATA, LOCAL, NOME, SIGLA_ESPORTE
) VALUES (
    TO_DATE ('14/11/2024 14:00:00', 'DD/MM/YYYY HH24:MI:SS') , UPPER (TRIM ('CORONEL CERVANTES') ) , UPPER (TRIM ('Handebol masculino BRASIL X alemanha') ) , UPPER (TRIM ('444') )
);

INSERT INTO PARTIDA (
    DATA, LOCAL, NOME, SIGLA_ESPORTE
) VALUES (
    TO_DATE ('15/11/2024 13:00:00', 'DD/MM/YYYY HH24:MI:SS') , UPPER (TRIM ('CORONEL CERVANTES') ) , UPPER (TRIM ('FUTEBOL FEMININO BRASIL X alemanha') ) , UPPER (TRIM ('111') )
);

INSERT INTO PARTIDA (
    DATA, LOCAL, NOME, SIGLA_ESPORTE
) VALUES (
    TO_DATE ('15/11/2024 20:00:00', 'DD/MM/YYYY HH24:MI:SS') , UPPER (TRIM ('CORONEL CERVANTES') ) , UPPER (TRIM ('FUTEBOL FEMININO BRASIL X REINO UNIDO') ) , UPPER (TRIM ('111') )
);

INSERT INTO PARTIDA (
    DATA, LOCAL, NOME, SIGLA_ESPORTE
) VALUES (
    TO_DATE ('16/11/2024 16:00:00', 'DD/MM/YYYY HH24:MI:SS') , UPPER (TRIM ('PRAÇA DA LIBERDADE') ) , UPPER (TRIM ('FUTEBOL FEMININO BRASIL X FRANÇA') ) , UPPER (TRIM ('111') )
);

----------------------- Criação de ESTATISTICA DE PARTIDA ---------------------

-- PARTIDA FUTEBOL FEMININO BRASIL X ITALIA'
INSERT INTO ESTAT_PARTIDA (
    EST_DATA, EST_LOCAL, CRITERIO, VALOR
) VALUES (
    TO_DATE ('11/10/2024 14:30:00', 'DD/MM/YYYY HH24:MI:SS') , UPPER (TRIM ('PRAÇA DA LIBERDADE ') ) , UPPER (TRIM ('GOLS') ) , 5
);

INSERT INTO ESTAT_PARTIDA (
    EST_DATA, EST_LOCAL, CRITERIO, VALOR
) VALUES (
    TO_DATE ('12/10/2024 10:30:00', 'DD/MM/YYYY HH24:MI:SS') , UPPER (TRIM ('PRAÇA DA LIBERDADE ') ) , UPPER (TRIM ('GOLS') ) , 111 /* ERRADO DE PROPÓSITO PARA INCENTIVAR O USO DO UPDATE*/
);

-- EXEMPLO DE UPDATE para correção de erro proposital
UPDATE ESTAT_PARTIDA ES
SET
    ES.VALOR = '3'
WHERE
    ES.VALOR = '111';

INSERT INTO ESTAT_PARTIDA (
    EST_DATA, EST_LOCAL, CRITERIO, VALOR
) VALUES (
    TO_DATE ('12/10/2024 10:30:00', 'DD/MM/YYYY HH24:MI:SS') , UPPER (TRIM ('PRAÇA DA LIBERDADE ') ) , UPPER (TRIM ('PENALTS') ) , 2
);

INSERT INTO ESTAT_PARTIDA (
    EST_DATA, EST_LOCAL, CRITERIO, VALOR
) VALUES (
    TO_DATE ('12/10/2024 10:30:00', 'DD/MM/YYYY HH24:MI:SS') , UPPER (TRIM ('PRAÇA DA LIBERDADE ') ) , UPPER (TRIM ('FALTAS') ) , 8
);

INSERT INTO ESTAT_PARTIDA (
    EST_DATA, EST_LOCAL, CRITERIO, VALOR
) VALUES (
    TO_DATE ('12/10/2024 10:30:00', 'DD/MM/YYYY HH24:MI:SS') , UPPER (TRIM ('PRAÇA DA LIBERDADE ') ) , UPPER (TRIM ('TEMPO_EXTRA') ) , 9
);

-- partida de handebol
INSERT INTO ESTAT_PARTIDA (
    EST_DATA, EST_LOCAL, CRITERIO, VALOR
) VALUES (
    TO_DATE ('14/11/2024 14:00:00', 'DD/MM/YYYY HH24:MI:SS') , UPPER (TRIM ('CORONEL CERVANTES') ) , UPPER (TRIM ('gols') ) , 12
);

INSERT INTO ESTAT_PARTIDA (
    EST_DATA, EST_LOCAL, CRITERIO, VALOR
) VALUES (
    TO_DATE ('14/11/2024 14:00:00', 'DD/MM/YYYY HH24:MI:SS') , UPPER (TRIM ('CORONEL CERVANTES') ) , UPPER (TRIM ('faltas') ) , 1
);

INSERT INTO ESTAT_PARTIDA (
    EST_DATA, EST_LOCAL, CRITERIO, VALOR
) VALUES (
    TO_DATE ('14/11/2024 14:00:00', 'DD/MM/YYYY HH24:MI:SS') , UPPER (TRIM ('CORONEL CERVANTES') ) , UPPER (TRIM ('tempo_extra') ) , 13
);

-- PARTIDA FUTEBOL FEMININO BRASIL X alemanha
INSERT INTO ESTAT_PARTIDA (
    EST_DATA, EST_LOCAL, CRITERIO, VALOR
) VALUES (
    TO_DATE ('15/11/2024 13:00:00', 'DD/MM/YYYY HH24:MI:SS') , UPPER (TRIM ('CORONEL CERVANTES') ) , UPPER (TRIM ('tempo_extra') ) , 13
);

-- PARTIDA FUTEBOL FEMININO BRASIL X REINO UNIDO
INSERT INTO ESTAT_PARTIDA (
    EST_DATA, EST_LOCAL, CRITERIO, VALOR
) VALUES (
    TO_DATE ('15/11/2024 20:00:00', 'DD/MM/YYYY HH24:MI:SS') , UPPER (TRIM ('CORONEL CERVANTES') ) , UPPER (TRIM ('GOLS') ) , 8
);

-- PARTIDA FUTEBOL FEMININO BRASIL X FRANÇA
INSERT INTO ESTAT_PARTIDA (
    EST_DATA, EST_LOCAL, CRITERIO, VALOR
) VALUES (
    TO_DATE ('16/11/2024 16:00:00', 'DD/MM/YYYY HH24:MI:SS') , UPPER (TRIM ('PRAÇA DA LIBERDADE') ) , UPPER (TRIM ('GOLS') ) , 9
);

----------------------- Inserções de DISPUTA ---------------------
INSERT INTO DISPUTA (
    SIGLA_TIME, SIGLA_ESPORTE, EST_DATA, EST_LOCAL
) VALUES (
    '999', '111', TO_DATE ('11/10/2024 14:30:00', 'DD/MM/YYYY HH24:MI:SS') , UPPER (TRIM ('PRAÇA DA LIBERDADE '))
);

-- INSERT INTO DISPUTA (
--     SIGLA_TIME, SIGLA_ESPORTE, EST_DATA, EST_LOCAL
-- ) VALUES (
--     '997', '111', TO_DATE ('11/10/2024 14:30:00', 'DD/MM/YYYY HH24:MI:SS') , 'PRAÇA DA LIBERDADE'
-- );

INSERT INTO DISPUTA (
    SIGLA_TIME, SIGLA_ESPORTE, EST_DATA, EST_LOCAL
) VALUES (
    '989', '112', TO_DATE ('12/10/2024 10:30:00', 'DD/MM/YYYY HH24:MI:SS') , UPPER (TRIM ('PRAÇA DA LIBERDADE '))
);

-- INSERT INTO DISPUTA (
--     SIGLA_TIME, SIGLA_ESPORTE, EST_DATA, EST_LOCAL
-- ) VALUES (
--     '988', '112', TO_DATE ('12/10/2024 10:30:00', 'DD/MM/YYYY HH24:MI:SS') , UPPER (TRIM ('PRAÇA DA LIBERDADE '))
-- );

-- Disputa do Handebol

INSERT INTO DISPUTA (
    SIGLA_TIME, SIGLA_ESPORTE, EST_DATA, EST_LOCAL
) VALUES (
    '977', '444', TO_DATE ('14/11/2024 14:00:00', 'DD/MM/YYYY HH24:MI:SS') , UPPER (TRIM ('CORONEL CERVANTES') )
);

-- DISPUTAS DO TIME FEMININO
INSERT INTO DISPUTA (
    SIGLA_TIME, SIGLA_ESPORTE, EST_DATA, EST_LOCAL
) VALUES (
    '988', '112', TO_DATE ('15/11/2024 13:00:00', 'DD/MM/YYYY HH24:MI:SS') , UPPER (TRIM ('CORONEL CERVANTES') )
);

INSERT INTO DISPUTA (
    SIGLA_TIME, SIGLA_ESPORTE, EST_DATA, EST_LOCAL
) VALUES (
    '988', '112', TO_DATE ('16/11/2024 16:00:00', 'DD/MM/YYYY HH24:MI:SS') , UPPER (TRIM ('PRAÇA DA LIBERDADE') )
);

----------------------- Inserções de ESTATÍSTICA DE ATLETA EM PARTIDA ---------------------
-- ATLETA 1
INSERT INTO ESTAT_ATLETA_PARTIDA (
    ATLETA, EST_DATA, EST_LOCAL, CRITERIO, VALOR
) VALUES (
    '454.888.123-09', TO_DATE ('12/10/2024 10:30:00', 'DD/MM/YYYY HH24:MI:SS') , UPPER (TRIM ('PRAÇA DA LIBERDADE ') ) , UPPER (TRIM ('GOLS') ) , 111 /* ERRADO DE PROPÓSITO PARA INCENTIVAR O USO DO UPDATE*/
);

-- UPDATE PARA CORRIGIR A INSERÇÃO INCORRETA DE GOLS=111 PARA GOLS=1
UPDATE ESTAT_ATLETA_PARTIDA
SET
    VALOR = 1
WHERE
    CRITERIO = 'GOLS'
    AND VALOR = 111
    AND ATLETA = '454.888.123-09';

INSERT INTO ESTAT_ATLETA_PARTIDA (
    ATLETA, EST_DATA, EST_LOCAL, CRITERIO, VALOR
) VALUES (
    '454.888.123-09', TO_DATE ('12/10/2024 10:30:00', 'DD/MM/YYYY HH24:MI:SS') , UPPER (TRIM ('PRAÇA DA LIBERDADE ') ) , UPPER (TRIM ('FALTAS') ) , 2
);

INSERT INTO ESTAT_ATLETA_PARTIDA (
    ATLETA, EST_DATA, EST_LOCAL, CRITERIO, VALOR
) VALUES (
    '454.888.123-09', TO_DATE ('12/10/2024 10:30:00', 'DD/MM/YYYY HH24:MI:SS') , UPPER (TRIM ('PRAÇA DA LIBERDADE ') ) , UPPER (TRIM ('KM') ) , 13
);

-- ATLETA 2
INSERT INTO ESTAT_ATLETA_PARTIDA (
    ATLETA, EST_DATA, EST_LOCAL, CRITERIO, VALOR
) VALUES (
    '575.147.963-25', TO_DATE ('11/10/2024 14:30:00', 'DD/MM/YYYY HH24:MI:SS') , UPPER (TRIM ('PRAÇA DA LIBERDADE ') ) , UPPER (TRIM ('KM') ) , 12
);

INSERT INTO ESTAT_ATLETA_PARTIDA (
    ATLETA, EST_DATA, EST_LOCAL, CRITERIO, VALOR
) VALUES (
    '575.147.963-25', TO_DATE ('11/10/2024 14:30:00', 'DD/MM/YYYY HH24:MI:SS') , UPPER (TRIM ('PRAÇA DA LIBERDADE ') ) , UPPER (TRIM ('FALTAS') ) , 0
);

INSERT INTO ESTAT_ATLETA_PARTIDA (
    ATLETA, EST_DATA, EST_LOCAL, CRITERIO, VALOR
) VALUES (
    '575.147.963-25', TO_DATE ('11/10/2024 14:30:00', 'DD/MM/YYYY HH24:MI:SS') , UPPER (TRIM ('PRAÇA DA LIBERDADE ') ) , UPPER (TRIM ('GOLS') ) , 0
);
-- dados de partida da atleta MARIANA GONZALES

INSERT INTO ESTAT_ATLETA_PARTIDA (
    ATLETA, EST_DATA, EST_LOCAL, CRITERIO, VALOR
) VALUES (
    '113.133.333-22',  TO_DATE ('12/10/2024 10:30:00', 'DD/MM/YYYY HH24:MI:SS') ,  UPPER (TRIM ('PRAÇA DA LIBERDADE ') ), UPPER (TRIM ('GOLS') ) , 10
);
----------------------- Inserções de vídeos ---------------------

--> 4 VIDEOS DE 1 ATLETA NO MESMO JOGO 'GUILHERME ADAME GUIMARÃES'
--1
INSERT INTO VIDEO (
    MAC_ADDRESS, DATA_HORA, DURACAO, DADO_VIDEO, ATLETA, PARTIDA_DATA, PARTIDA_LOCAL
) VALUES (
    '12-34-56-78-9A-BC', TO_DATE ('11/10/2024 14:35:00', 'DD/MM/YYYY HH24:MI:SS') , 5, 'https://www.youtube.com/watch?v=4nvewes8Inc', '454.888.123-09', TO_DATE ('11/10/2024 14:30:00', 'DD/MM/YYYY HH24:MI:SS') , 'PRAÇA DA LIBERDADE'
);

--2
INSERT INTO VIDEO (
    MAC_ADDRESS, DATA_HORA, DURACAO, DADO_VIDEO, ATLETA, PARTIDA_DATA, PARTIDA_LOCAL
) VALUES (
    '12-34-56-78-9A-BC', TO_DATE ('11/10/2024 14:39:00', 'DD/MM/YYYY HH24:MI:SS') , 22, 'https://www.youtube.com/watch?v=6MAzUT1YhWE', '454.888.123-09', TO_DATE ('11/10/2024 14:30:00', 'DD/MM/YYYY HH24:MI:SS') , 'PRAÇA DA LIBERDADE'
);

--3
INSERT INTO VIDEO (
    MAC_ADDRESS, DATA_HORA, DURACAO, DADO_VIDEO, ATLETA, PARTIDA_DATA, PARTIDA_LOCAL
) VALUES (
    '12-34-56-78-9A-BC', TO_DATE ('11/10/2024 14:50:00', 'DD/MM/YYYY HH24:MI:SS') , 65, 'https://www.youtube.com/watch?v=z174Fx0zBGc', '454.888.123-09', TO_DATE ('11/10/2024 14:30:00', 'DD/MM/YYYY HH24:MI:SS') , 'PRAÇA DA LIBERDADE'
);

--4
INSERT INTO VIDEO (
    MAC_ADDRESS, DATA_HORA, DURACAO, DADO_VIDEO, ATLETA, PARTIDA_DATA, PARTIDA_LOCAL
) VALUES (
    '12-34-56-78-9A-BC', TO_DATE ('11/10/2024 15:2:00', 'DD/MM/YYYY HH24:MI:SS') , 2, 'https://www.youtube.com/watch?v=eQ-OVsdK-hM', '454.888.123-09', TO_DATE ('11/10/2024 14:30:00', 'DD/MM/YYYY HH24:MI:SS') , 'PRAÇA DA LIBERDADE'
);

--> 4 VIDEOS DE OUTRO ATLETA EM OUTRO JOGO   - 'MARIANA GONZALES'
--1
INSERT INTO VIDEO (
    MAC_ADDRESS, DATA_HORA, DURACAO, DADO_VIDEO, ATLETA, PARTIDA_DATA, PARTIDA_LOCAL
) VALUES (
    '10-20-30-40-AA-AA', TO_DATE ('12/10/2024 10:39:00', 'DD/MM/YYYY HH24:MI:SS') , 10, 'https://www.youtube.com/watch?v=eEobh8iCbIE', '113.133.333-22', TO_DATE ('12/10/2024 10:30:00', 'DD/MM/YYYY HH24:MI:SS') , 'PRAÇA DA LIBERDADE'
);

--2
INSERT INTO VIDEO (
    MAC_ADDRESS, DATA_HORA, DURACAO, DADO_VIDEO, ATLETA, PARTIDA_DATA, PARTIDA_LOCAL
) VALUES (
    '10-20-30-40-AA-AA', TO_DATE ('12/10/2024 10:45:00', 'DD/MM/YYYY HH24:MI:SS') , 20, 'https://www.youtube.com/watch?v=CIiDf2xCO4g', '113.133.333-22', TO_DATE ('12/10/2024 10:30:00', 'DD/MM/YYYY HH24:MI:SS') , 'PRAÇA DA LIBERDADE'
);

--3
INSERT INTO VIDEO (
    MAC_ADDRESS, DATA_HORA, DURACAO, DADO_VIDEO, ATLETA, PARTIDA_DATA, PARTIDA_LOCAL
) VALUES (
    '10-20-30-40-AA-AA', TO_DATE ('12/10/2024 10:20:00', 'DD/MM/YYYY HH24:MI:SS') , 21, 'https://www.youtube.com/watch?v=xpvjPsme8_k', '113.133.333-22', TO_DATE ('12/10/2024 10:30:00', 'DD/MM/YYYY HH24:MI:SS') , 'PRAÇA DA LIBERDADE'
);

--4
INSERT INTO VIDEO (
    MAC_ADDRESS, DATA_HORA, DURACAO, DADO_VIDEO, ATLETA, PARTIDA_DATA, PARTIDA_LOCAL
) VALUES (
    '10-20-30-40-AA-AA', TO_DATE ('12/10/2024 11:50:00', 'DD/MM/YYYY HH24:MI:SS') , 2, 'https://www.youtube.com/watch?v=iVZkcDOal7w', '113.133.333-22', TO_DATE ('12/10/2024 10:30:00', 'DD/MM/YYYY HH24:MI:SS') , 'PRAÇA DA LIBERDADE'
);

----------------------- Inserções de EXAME GENÉRICO  ---------------------


INSERT INTO EXAME (
    PROTOCOLO, DATA_HORA, MEDICO, ATLETA, TIPO, NIVEL_OXIGENIO, PRESSAO_ATLETA, TEMPERATURA_ATLETA
) VALUES (
    UPPER (TRIM ('abcdefghi-123') ) , TO_DATE ('20/10/2024 14:25:00', 'DD/MM/YYYY HH24:MI:SS') , '111.222.333-44', '454.888.123-09', 'S', 80, '120/180', '36.1'
);

INSERT INTO EXAME (
    PROTOCOLO, DATA_HORA, MEDICO, ATLETA, TIPO, NIVEL_OXIGENIO, PRESSAO_ATLETA, TEMPERATURA_ATLETA
) VALUES (
    UPPER (TRIM ('lfhjfgddd-123') ) , TO_DATE ('01/11/2024 11:25:00', 'DD/MM/YYYY HH24:MI:SS') , '111.222.333-44', '114.118.113-19', 'N', 78, '124/178', '36.7'
);

INSERT INTO EXAME (
    PROTOCOLO, DATA_HORA, MEDICO, ATLETA, TIPO, NIVEL_OXIGENIO, PRESSAO_ATLETA, TEMPERATURA_ATLETA
) VALUES (
    UPPER (TRIM ('qrerwddre-123') ) , TO_DATE ('23/10/2024 16:03:00', 'DD/MM/YYYY HH24:MI:SS') , '222.333.444-55', '222.228.133-09', 'O', 79, '118/190', '36.8'
);

INSERT INTO EXAME (
    PROTOCOLO, DATA_HORA, MEDICO, ATLETA, TIPO, NIVEL_OXIGENIO, PRESSAO_ATLETA, TEMPERATURA_ATLETA
) VALUES (
    UPPER (TRIM ('qrewrrref-123') ) , TO_DATE ('8/11/2024 17:50:00', 'DD/MM/YYYY HH24:MI:SS') , '111.222.333-44', '113.133.333-22', 'M', 82, '135/176', '36.3'
);

INSERT INTO EXAME (
    PROTOCOLO, DATA_HORA, MEDICO, ATLETA, TIPO, NIVEL_OXIGENIO, PRESSAO_ATLETA, TEMPERATURA_ATLETA
) VALUES (
    UPPER (TRIM ('kjhgfvbnm-123') ) , TO_DATE ('8/11/2013 10:50:00', 'DD/MM/YYYY HH24:MI:SS') , '222.333.444-55', '454.888.123-09', 'M', 80, '133/170', '36.2'
);

INSERT INTO EXAME (
    PROTOCOLO, DATA_HORA, MEDICO, ATLETA, TIPO, NIVEL_OXIGENIO, PRESSAO_ATLETA, TEMPERATURA_ATLETA
) VALUES (
    UPPER (TRIM ('loiubhgtr-123') ) , TO_DATE ('9/11/2024 13:50:00', 'DD/MM/YYYY HH24:MI:SS') , '111.222.333-44', '575.147.963-25', 'C', 78, '136/175', '36.7'
);

INSERT INTO EXAME (
    PROTOCOLO, DATA_HORA, MEDICO, ATLETA, TIPO, NIVEL_OXIGENIO, PRESSAO_ATLETA, TEMPERATURA_ATLETA
) VALUES (
    UPPER (TRIM ('jiojiouuu-123') ) , TO_DATE ('10/08/2024 16:55:00', 'DD/MM/YYYY HH24:MI:SS') , '111.222.333-44', '113.133.333-22', 'C', 85, '138/175', '36.4'
);

INSERT INTO EXAME (
    PROTOCOLO, DATA_HORA, MEDICO, ATLETA, TIPO, NIVEL_OXIGENIO, PRESSAO_ATLETA, TEMPERATURA_ATLETA
) VALUES (
    UPPER (TRIM ('adwadwdaw-123') ) , TO_DATE ('07/07/2024 14:55:00', 'DD/MM/YYYY HH24:MI:SS') , '222.333.444-55', '454.888.123-09', 'C', 84, '139/155', '36.3'
);

----------------------- Inserções de EXAME ortopedico  ---------------------

INSERT INTO ORTOPEDICO (
    EXAME
) VALUES (
    UPPER (TRIM ('qrerwddre-123') )
);

----------------------- Inserções de EXAME NEUROLOGICO  ---------------------
INSERT INTO NEUROLOGICO (
    EXAME, RESSONANCIA_MAGNETICA
) VALUES (
    UPPER (TRIM ('lfhjfgddd-123') ) , 'https://www.shutterstock.com/pt/image-photo/radiologist-consults-patient-before-undergoing-diagnostics-2480666789'
);

----------------------- Inserções de EXAME CARDIOLOGICO  ---------------------
INSERT INTO CARDIOLOGICO (
    EXAME, ULTRASSOM
) VALUES (
    UPPER (TRIM ('loiubhgtr-123') ) , 'https://www.shutterstock.com/pt/image-photo/doctor-doing-heart-ultrasound-young-male-2436114893'
);

INSERT INTO CARDIOLOGICO (
    EXAME, ULTRASSOM
) VALUES (
    UPPER (TRIM ('adwadwdaw-123') ) , 'https://www.shutterstock.com/pt/image-photo/doctor-doing-heart-ultrasound-young-male-2436114893'
);

INSERT INTO CARDIOLOGICO (
    EXAME, ULTRASSOM
) VALUES (
    UPPER (TRIM ('jiojiouuu-123') ) , 'https://www.shutterstock.com/pt/image-photo/doctor-doing-heart-ultrasound-young-male-2436114893'
);

----------------------- Inserções de EXAME MAPEAMENTO genetico  ---------------------
INSERT INTO MAPEAMENTO_GENETICO (
    EXAME, AMOSTRA_BIOLOGICA
) VALUES (
    UPPER (TRIM ('qrewrrref-123') ) , 'https://www.shutterstock.com/pt/image-photo/research-genetic-mapping-black-woman-scientist-2437811053'
);

INSERT INTO MAPEAMENTO_GENETICO (
    EXAME, AMOSTRA_BIOLOGICA
) VALUES (
    UPPER (TRIM ('kjhgfvbnm-123') ) , 'https://www.shutterstock.com/pt/image-photo/research-genetic-mapping-black-woman-scientist-2437811053'
);

----------------------- Inserções de genoma  ---------------------
INSERT INTO GENOMA (
    ATLETA, GENOMA, MAPEAMENTO
) VALUES (
    '113.133.333-22', 'https://www.shutterstock.com/pt/image-photo/scientist-holding-medical-testing-tubes-vials-2506585825', UPPER (TRIM ('qrewrrref-123') )
);

INSERT INTO GENOMA (
    ATLETA, GENOMA, MAPEAMENTO
) VALUES (
    '575.147.963-25', 'https://www.shutterstock.com/pt/image-photo/scientist-holding-medical-testing-tubes-vials-2506585825', UPPER (TRIM ('kjhgfvbnm-123') )
);

----------------------- Inserções de imagems osseas  ---------------------

INSERT INTO IMAGEM_OSSEA (
    EXAME_ORTOPEDICO, IMAGEM, LINK
) VALUES (
    'QRERWDDRE-123', 1, 'https://www.shutterstock.com/pt/image-photo/xray-image-knee-joint-2488771867'
);

INSERT INTO IMAGEM_OSSEA (
    EXAME_ORTOPEDICO, IMAGEM, LINK
) VALUES (
    'QRERWDDRE-123', 2, 'https://www.shutterstock.com/pt/image-photo/doctor-looking-total-hip-replacement-xray-2438250489'
);

INSERT INTO IMAGEM_OSSEA (
    EXAME_ORTOPEDICO, IMAGEM, LINK
) VALUES (
    'QRERWDDRE-123', 3, 'https://www.shutterstock.com/pt/image-photo/hand-xray-adult-female-2370313645'
);

INSERT INTO IMAGEM_OSSEA (
    EXAME_ORTOPEDICO, IMAGEM, LINK
) VALUES (
    'QRERWDDRE-123', 4, 'https://www.shutterstock.com/pt/image-photo/chest-xray-adult-female-human-2397260611'
);